minx,miny,maxx,maxy
2.394248233556354,41.235366211879473,28.633039945734783,44.213393561835581
